drug,model,feature,importance
methicillin,LogReg,S10p,0.6961596444602937
methicillin,LogReg,gyrB,0.5909789193196284
methicillin,LogReg,gyrA,0.5909789193196284
methicillin,LogReg,blaZ,0.523357287532036
methicillin,LogReg,rpoC,0.523357287532036
methicillin,LogReg,S12p,0.523357287532036
methicillin,LogReg,BlaZ family,0.523357287532036
methicillin,LogReg,BceR,0.5009001760269364
methicillin,LogReg,TcaB2,0.3402459776514603
methicillin,LogReg,GdpD,0.3402459776514603
methicillin,LogReg,ANT(4')-Ib,0.3402459776514603
methicillin,LogReg,rpoB,0.3402459776514603
methicillin,LogReg,MurA,0.3402459776514603
methicillin,LogReg,TcaB,0.2954894596598142
methicillin,LogReg,arlS,0.2954894596598142
methicillin,LogReg,Alr,0.2954894596598142
methicillin,LogReg,"folA, Dfr",0.2954894596598142
methicillin,LogReg,rho,0.23176302555150852
methicillin,LogReg,APH(3')-IIIa,0.0
methicillin,LogReg,Erm(C),0.0
methicillin,LogReg,BceA,0.0
methicillin,LogReg,EF-Tu,0.0
methicillin,LogReg,BceS,0.0
methicillin,LogReg,MprF,0.0
methicillin,LogReg,LiaS,0.0
methicillin,LogReg,LiaR,0.0
methicillin,LogReg,LiaF,0.0
methicillin,LogReg,Iso-tRNA,0.0
methicillin,LogReg,FosB,0.0
methicillin,LogReg,ErmC,0.0
methicillin,LogReg,PgsA,0.0
methicillin,LogReg,TcaA,0.0
methicillin,LogReg,TcaR,0.0
methicillin,LogReg,aadD,0.0
methicillin,LogReg,Tet(38),0.0
methicillin,LogReg,alr1,0.0
methicillin,LogReg,ant9,0.0
methicillin,LogReg,aphA,0.0
methicillin,LogReg,NorA,0.0
methicillin,LogReg,arlR,0.0
methicillin,LogReg,bceS,0.0
methicillin,LogReg,blaI,0.0
methicillin,LogReg,bcr,0.0
methicillin,LogReg,blaI-1,0.0
methicillin,LogReg,blaR1,0.0
methicillin,LogReg,cls,0.0
methicillin,LogReg,cls_2,0.0
methicillin,LogReg,ddl,0.0
methicillin,LogReg,dfrA,0.0
methicillin,LogReg,ANT(9)-I,0.0
methicillin,LogReg,BceB,0.0
methicillin,LogReg,Ddl,0.0
methicillin,LogReg,EF-G,0.0
methicillin,LogReg,ANT(6)-I,0.0
methicillin,LogReg,AAC(6')-Ie-APH(2'')-Ia,0.0
methicillin,LogReg,fabI,0.0
methicillin,LogReg,fabF,0.0
methicillin,LogReg,ermC,0.0
methicillin,LogReg,ermA,0.0
methicillin,LogReg,dfrG,0.0
methicillin,LogReg,dfrC,0.0
methicillin,LogReg,fusA,0.0
methicillin,LogReg,fosB2,0.0
methicillin,LogReg,graR_1,0.0
methicillin,LogReg,gyrA_1,0.0
methicillin,LogReg,ileS,0.0
methicillin,LogReg,"inhA, fabI",0.0
methicillin,LogReg,kasA,0.0
methicillin,LogReg,gidB,0.0
methicillin,LogReg,graR,0.0
methicillin,LogReg,folP,0.0
methicillin,LogReg,mecA_1,0.0
methicillin,LogReg,mecA_2,0.0
methicillin,LogReg,mecI,0.0
methicillin,LogReg,mecR1,0.0
methicillin,LogReg,mepA,0.0
methicillin,LogReg,mepR,0.0
methicillin,LogReg,mgrA,0.0
methicillin,LogReg,mprF,0.0
methicillin,LogReg,murA,0.0
methicillin,LogReg,murZ,0.0
methicillin,LogReg,norA,0.0
methicillin,LogReg,norB_1,0.0
methicillin,LogReg,norB_2,0.0
methicillin,LogReg,macB_1,0.0
methicillin,LogReg,macB_2,0.0
methicillin,LogReg,mecA,0.0
methicillin,LogReg,norB_5,0.0
methicillin,LogReg,norB_4,0.0
methicillin,LogReg,norB_3,0.0
methicillin,LogReg,norB_6,0.0
methicillin,LogReg,pgsA,0.0
methicillin,LogReg,parE,0.0
methicillin,LogReg,rplF,0.0
methicillin,LogReg,rpsJ,0.0
methicillin,LogReg,rpsL,0.0
methicillin,LogReg,sat-4,0.0
methicillin,LogReg,sav1866,0.0
methicillin,LogReg,tcaA,0.0
methicillin,LogReg,tcaB,0.0
methicillin,LogReg,tcaB_1,0.0
methicillin,LogReg,tcaB_2,0.0
methicillin,LogReg,tcaR,0.0
methicillin,LogReg,tet(38),0.0
methicillin,LogReg,tet38,0.0
methicillin,LogReg,tetA,0.0
methicillin,LogReg,tetL,0.0
methicillin,LogReg,tuf,0.0
methicillin,LogReg,tufA,0.0
methicillin,LogReg,ugpQ_1,0.0
methicillin,LogReg,ugpQ_2,0.0
methicillin,LogReg,ugpQ_3,0.0
methicillin,LogReg,ugpQ_4,0.0
methicillin,LogReg,vraG,0.0
methicillin,LogReg,vraR_1,0.0
methicillin,LogReg,vraS_1,0.0
methicillin,LogReg,vraS_2,0.0
methicillin,LogReg,yheS_3,0.0
methicillin,LogReg,yvqF,0.0
methicillin,RandomForest,S10p,0.09859677736554216
methicillin,RandomForest,gyrB,0.09454121612552555
methicillin,RandomForest,gyrA,0.09424245975256824
methicillin,RandomForest,blaZ,0.0851304635413913
methicillin,RandomForest,rpoC,0.0719460725216699
methicillin,RandomForest,S12p,0.06879040325217241
methicillin,RandomForest,BceR,0.06564704029709553
methicillin,RandomForest,BlaZ family,0.06466849261838978
methicillin,RandomForest,ANT(4')-Ib,0.054055834177030596
methicillin,RandomForest,rpoB,0.051481144250688914
methicillin,RandomForest,GdpD,0.049133390733258314
methicillin,RandomForest,TcaB2,0.046253738015416865
methicillin,RandomForest,MurA,0.04180811481977768
methicillin,RandomForest,"folA, Dfr",0.0252980150090139
methicillin,RandomForest,TcaB,0.023215385256903576
methicillin,RandomForest,Alr,0.022170823203279826
methicillin,RandomForest,arlS,0.022041361271044838
methicillin,RandomForest,rho,0.020979267789230722
methicillin,RandomForest,APH(3')-IIIa,0.0
methicillin,RandomForest,Erm(C),0.0
methicillin,RandomForest,BceA,0.0
methicillin,RandomForest,EF-Tu,0.0
methicillin,RandomForest,BceS,0.0
methicillin,RandomForest,MprF,0.0
methicillin,RandomForest,LiaS,0.0
methicillin,RandomForest,LiaR,0.0
methicillin,RandomForest,LiaF,0.0
methicillin,RandomForest,Iso-tRNA,0.0
methicillin,RandomForest,FosB,0.0
methicillin,RandomForest,ErmC,0.0
methicillin,RandomForest,PgsA,0.0
methicillin,RandomForest,TcaA,0.0
methicillin,RandomForest,TcaR,0.0
methicillin,RandomForest,aadD,0.0
methicillin,RandomForest,Tet(38),0.0
methicillin,RandomForest,alr1,0.0
methicillin,RandomForest,ant9,0.0
methicillin,RandomForest,aphA,0.0
methicillin,RandomForest,NorA,0.0
methicillin,RandomForest,arlR,0.0
methicillin,RandomForest,bceS,0.0
methicillin,RandomForest,blaI,0.0
methicillin,RandomForest,bcr,0.0
methicillin,RandomForest,blaI-1,0.0
methicillin,RandomForest,blaR1,0.0
methicillin,RandomForest,cls,0.0
methicillin,RandomForest,cls_2,0.0
methicillin,RandomForest,ddl,0.0
methicillin,RandomForest,dfrA,0.0
methicillin,RandomForest,ANT(9)-I,0.0
methicillin,RandomForest,BceB,0.0
methicillin,RandomForest,Ddl,0.0
methicillin,RandomForest,EF-G,0.0
methicillin,RandomForest,ANT(6)-I,0.0
methicillin,RandomForest,AAC(6')-Ie-APH(2'')-Ia,0.0
methicillin,RandomForest,fabI,0.0
methicillin,RandomForest,fabF,0.0
methicillin,RandomForest,ermC,0.0
methicillin,RandomForest,ermA,0.0
methicillin,RandomForest,dfrG,0.0
methicillin,RandomForest,dfrC,0.0
methicillin,RandomForest,fusA,0.0
methicillin,RandomForest,fosB2,0.0
methicillin,RandomForest,graR_1,0.0
methicillin,RandomForest,gyrA_1,0.0
methicillin,RandomForest,ileS,0.0
methicillin,RandomForest,"inhA, fabI",0.0
methicillin,RandomForest,kasA,0.0
methicillin,RandomForest,gidB,0.0
methicillin,RandomForest,graR,0.0
methicillin,RandomForest,folP,0.0
methicillin,RandomForest,mecA_1,0.0
methicillin,RandomForest,mecA_2,0.0
methicillin,RandomForest,mecI,0.0
methicillin,RandomForest,mecR1,0.0
methicillin,RandomForest,mepA,0.0
methicillin,RandomForest,mepR,0.0
methicillin,RandomForest,mgrA,0.0
methicillin,RandomForest,mprF,0.0
methicillin,RandomForest,murA,0.0
methicillin,RandomForest,murZ,0.0
methicillin,RandomForest,norA,0.0
methicillin,RandomForest,norB_1,0.0
methicillin,RandomForest,norB_2,0.0
methicillin,RandomForest,macB_1,0.0
methicillin,RandomForest,macB_2,0.0
methicillin,RandomForest,mecA,0.0
methicillin,RandomForest,norB_5,0.0
methicillin,RandomForest,norB_4,0.0
methicillin,RandomForest,norB_3,0.0
methicillin,RandomForest,norB_6,0.0
methicillin,RandomForest,pgsA,0.0
methicillin,RandomForest,parE,0.0
methicillin,RandomForest,rplF,0.0
methicillin,RandomForest,rpsJ,0.0
methicillin,RandomForest,rpsL,0.0
methicillin,RandomForest,sat-4,0.0
methicillin,RandomForest,sav1866,0.0
methicillin,RandomForest,tcaA,0.0
methicillin,RandomForest,tcaB,0.0
methicillin,RandomForest,tcaB_1,0.0
methicillin,RandomForest,tcaB_2,0.0
methicillin,RandomForest,tcaR,0.0
methicillin,RandomForest,tet(38),0.0
methicillin,RandomForest,tet38,0.0
methicillin,RandomForest,tetA,0.0
methicillin,RandomForest,tetL,0.0
methicillin,RandomForest,tuf,0.0
methicillin,RandomForest,tufA,0.0
methicillin,RandomForest,ugpQ_1,0.0
methicillin,RandomForest,ugpQ_2,0.0
methicillin,RandomForest,ugpQ_3,0.0
methicillin,RandomForest,ugpQ_4,0.0
methicillin,RandomForest,vraG,0.0
methicillin,RandomForest,vraR_1,0.0
methicillin,RandomForest,vraS_1,0.0
methicillin,RandomForest,vraS_2,0.0
methicillin,RandomForest,yheS_3,0.0
methicillin,RandomForest,yvqF,0.0
erythromycin,LogReg,EF-G,0.5287614563257949
erythromycin,LogReg,fabF,0.5287614563257949
erythromycin,LogReg,MurA,0.5287614563257949
erythromycin,LogReg,mgrA,-0.4904708176599269
erythromycin,LogReg,arlR,-0.47138573322116223
erythromycin,LogReg,graR,-0.46143382870222943
erythromycin,LogReg,norB_3,-0.46143382870222943
erythromycin,LogReg,rho,0.4396793258531406
erythromycin,LogReg,PgsA,0.4396793258531406
erythromycin,LogReg,Ddl,0.4396793258531406
erythromycin,LogReg,ErmC,0.4396793258531406
erythromycin,LogReg,BlaZ family,-0.4347105860755143
erythromycin,LogReg,NorA,-0.4347105860755143
erythromycin,LogReg,ugpQ_3,-0.29769604572678565
erythromycin,LogReg,kasA,-0.2856029868012082
erythromycin,LogReg,mepR,-0.2846512786595332
erythromycin,LogReg,fusA,-0.2846512786595332
erythromycin,LogReg,arlS,-0.2846512786595332
erythromycin,LogReg,blaR1,-0.2846512786595332
erythromycin,LogReg,dfrC,-0.2846512786595332
erythromycin,LogReg,Alr,-0.2846512786595332
erythromycin,LogReg,BceS,-0.2846512786595332
erythromycin,LogReg,LiaR,-0.2846512786595332
erythromycin,LogReg,rpoC,-0.2846512786595332
erythromycin,LogReg,tetA,-0.2846512786595332
erythromycin,LogReg,parE,-0.2846512786595332
erythromycin,LogReg,Iso-tRNA,-0.22293718774849086
erythromycin,LogReg,murA,-0.2125617300671344
erythromycin,LogReg,folP,-0.2125617300671344
erythromycin,LogReg,"folA, Dfr",0.21036358465369842
erythromycin,LogReg,rpoB,0.1049950080314394
erythromycin,LogReg,pgsA,-0.02248963389409536
erythromycin,LogReg,gyrB,0.014942699202048687
erythromycin,LogReg,TcaR,0.0
erythromycin,LogReg,TcaB,0.0
erythromycin,LogReg,alr1,0.0
erythromycin,LogReg,TcaA,0.0
erythromycin,LogReg,S12p,0.0
erythromycin,LogReg,Tet(38),0.0
erythromycin,LogReg,MprF,0.0
erythromycin,LogReg,LiaS,0.0
erythromycin,LogReg,LiaF,0.0
erythromycin,LogReg,GdpD,0.0
erythromycin,LogReg,FosB,0.0
erythromycin,LogReg,BceR,0.0
erythromycin,LogReg,EF-Tu,0.0
erythromycin,LogReg,Erm(C),0.0
erythromycin,LogReg,TcaB2,0.0
erythromycin,LogReg,APH(3')-IIIa,0.0
erythromycin,LogReg,BceA,0.0
erythromycin,LogReg,ANT(6)-I,0.0
erythromycin,LogReg,AAC(6')-Ie-APH(2'')-Ia,0.0
erythromycin,LogReg,ANT(4')-Ib,0.0
erythromycin,LogReg,ANT(9)-I,0.0
erythromycin,LogReg,BceB,0.0
erythromycin,LogReg,fabI,0.0
erythromycin,LogReg,ermC,0.0
erythromycin,LogReg,ermA,0.0
erythromycin,LogReg,dfrG,0.0
erythromycin,LogReg,ddl,0.0
erythromycin,LogReg,dfrA,0.0
erythromycin,LogReg,cls,0.0
erythromycin,LogReg,cls_2,0.0
erythromycin,LogReg,bcr,0.0
erythromycin,LogReg,blaI,0.0
erythromycin,LogReg,blaZ,0.0
erythromycin,LogReg,blaI-1,0.0
erythromycin,LogReg,bceS,0.0
erythromycin,LogReg,aadD,0.0
erythromycin,LogReg,aphA,0.0
erythromycin,LogReg,ant9,0.0
erythromycin,LogReg,S10p,0.0
erythromycin,LogReg,mecA,0.0
erythromycin,LogReg,macB_1,0.0
erythromycin,LogReg,"inhA, fabI",0.0
erythromycin,LogReg,mecR1,0.0
erythromycin,LogReg,mecI,0.0
erythromycin,LogReg,mecA_1,0.0
erythromycin,LogReg,mecA_2,0.0
erythromycin,LogReg,mprF,0.0
erythromycin,LogReg,macB_2,0.0
erythromycin,LogReg,ileS,0.0
erythromycin,LogReg,gyrA_1,0.0
erythromycin,LogReg,gyrA,0.0
erythromycin,LogReg,graR_1,0.0
erythromycin,LogReg,fosB2,0.0
erythromycin,LogReg,gidB,0.0
erythromycin,LogReg,norB_5,0.0
erythromycin,LogReg,norB_4,0.0
erythromycin,LogReg,norB_2,0.0
erythromycin,LogReg,norB_1,0.0
erythromycin,LogReg,murZ,0.0
erythromycin,LogReg,norA,0.0
erythromycin,LogReg,mepA,0.0
erythromycin,LogReg,norB_6,0.0
erythromycin,LogReg,rpsL,0.0
erythromycin,LogReg,sat-4,0.0
erythromycin,LogReg,sav1866,0.0
erythromycin,LogReg,tcaA,0.0
erythromycin,LogReg,tcaB,0.0
erythromycin,LogReg,tcaB_1,0.0
erythromycin,LogReg,rplF,0.0
erythromycin,LogReg,rpsJ,0.0
erythromycin,LogReg,tcaR,0.0
erythromycin,LogReg,tcaB_2,0.0
erythromycin,LogReg,tet38,0.0
erythromycin,LogReg,tet(38),0.0
erythromycin,LogReg,tuf,0.0
erythromycin,LogReg,tufA,0.0
erythromycin,LogReg,ugpQ_1,0.0
erythromycin,LogReg,tetL,0.0
erythromycin,LogReg,ugpQ_2,0.0
erythromycin,LogReg,ugpQ_4,0.0
erythromycin,LogReg,vraG,0.0
erythromycin,LogReg,vraR_1,0.0
erythromycin,LogReg,vraS_1,0.0
erythromycin,LogReg,vraS_2,0.0
erythromycin,LogReg,yheS_3,0.0
erythromycin,LogReg,yvqF,0.0
erythromycin,RandomForest,MurA,0.07623116291756524
erythromycin,RandomForest,EF-G,0.060234272625379795
erythromycin,RandomForest,fabF,0.06000342966098488
erythromycin,RandomForest,rpoB,0.05292889811023737
erythromycin,RandomForest,ErmC,0.04456146054356223
erythromycin,RandomForest,pgsA,0.0428064420793764
erythromycin,RandomForest,mgrA,0.03861919466662184
erythromycin,RandomForest,Ddl,0.03618277374356089
erythromycin,RandomForest,"folA, Dfr",0.035563311655138714
erythromycin,RandomForest,NorA,0.03543704329275646
erythromycin,RandomForest,arlR,0.033599952634728626
erythromycin,RandomForest,PgsA,0.03337915080429341
erythromycin,RandomForest,norB_3,0.03174593622905615
erythromycin,RandomForest,graR,0.03003364920970591
erythromycin,RandomForest,rho,0.030022270599340147
erythromycin,RandomForest,ugpQ_3,0.027481192348333426
erythromycin,RandomForest,gyrB,0.027020066958305392
erythromycin,RandomForest,arlS,0.02644841488950695
erythromycin,RandomForest,BlaZ family,0.026140615413831326
erythromycin,RandomForest,kasA,0.0254977157793556
erythromycin,RandomForest,BceS,0.02182395263521128
erythromycin,RandomForest,mepR,0.02168344056072886
erythromycin,RandomForest,parE,0.020534402601836917
erythromycin,RandomForest,Alr,0.020511529269017323
erythromycin,RandomForest,dfrC,0.020210786967490003
erythromycin,RandomForest,blaR1,0.019299843785660038
erythromycin,RandomForest,tetA,0.019178846676317186
erythromycin,RandomForest,rpoC,0.018867885062509172
erythromycin,RandomForest,fusA,0.01849008707280899
erythromycin,RandomForest,LiaR,0.01633522687127935
erythromycin,RandomForest,folP,0.012120335348879675
erythromycin,RandomForest,Iso-tRNA,0.010486893920554819
erythromycin,RandomForest,murA,0.006519815066065598
erythromycin,RandomForest,TcaR,0.0
erythromycin,RandomForest,TcaB,0.0
erythromycin,RandomForest,alr1,0.0
erythromycin,RandomForest,TcaA,0.0
erythromycin,RandomForest,S12p,0.0
erythromycin,RandomForest,Tet(38),0.0
erythromycin,RandomForest,MprF,0.0
erythromycin,RandomForest,LiaS,0.0
erythromycin,RandomForest,LiaF,0.0
erythromycin,RandomForest,GdpD,0.0
erythromycin,RandomForest,FosB,0.0
erythromycin,RandomForest,BceR,0.0
erythromycin,RandomForest,EF-Tu,0.0
erythromycin,RandomForest,Erm(C),0.0
erythromycin,RandomForest,TcaB2,0.0
erythromycin,RandomForest,APH(3')-IIIa,0.0
erythromycin,RandomForest,BceA,0.0
erythromycin,RandomForest,ANT(6)-I,0.0
erythromycin,RandomForest,AAC(6')-Ie-APH(2'')-Ia,0.0
erythromycin,RandomForest,ANT(4')-Ib,0.0
erythromycin,RandomForest,ANT(9)-I,0.0
erythromycin,RandomForest,BceB,0.0
erythromycin,RandomForest,fabI,0.0
erythromycin,RandomForest,ermC,0.0
erythromycin,RandomForest,ermA,0.0
erythromycin,RandomForest,dfrG,0.0
erythromycin,RandomForest,ddl,0.0
erythromycin,RandomForest,dfrA,0.0
erythromycin,RandomForest,cls,0.0
erythromycin,RandomForest,cls_2,0.0
erythromycin,RandomForest,bcr,0.0
erythromycin,RandomForest,blaI,0.0
erythromycin,RandomForest,blaZ,0.0
erythromycin,RandomForest,blaI-1,0.0
erythromycin,RandomForest,bceS,0.0
erythromycin,RandomForest,aadD,0.0
erythromycin,RandomForest,aphA,0.0
erythromycin,RandomForest,ant9,0.0
erythromycin,RandomForest,S10p,0.0
erythromycin,RandomForest,mecA,0.0
erythromycin,RandomForest,macB_1,0.0
erythromycin,RandomForest,"inhA, fabI",0.0
erythromycin,RandomForest,mecR1,0.0
erythromycin,RandomForest,mecI,0.0
erythromycin,RandomForest,mecA_1,0.0
erythromycin,RandomForest,mecA_2,0.0
erythromycin,RandomForest,mprF,0.0
erythromycin,RandomForest,macB_2,0.0
erythromycin,RandomForest,ileS,0.0
erythromycin,RandomForest,gyrA_1,0.0
erythromycin,RandomForest,gyrA,0.0
erythromycin,RandomForest,graR_1,0.0
erythromycin,RandomForest,fosB2,0.0
erythromycin,RandomForest,gidB,0.0
erythromycin,RandomForest,norB_5,0.0
erythromycin,RandomForest,norB_4,0.0
erythromycin,RandomForest,norB_2,0.0
erythromycin,RandomForest,norB_1,0.0
erythromycin,RandomForest,murZ,0.0
erythromycin,RandomForest,norA,0.0
erythromycin,RandomForest,mepA,0.0
erythromycin,RandomForest,norB_6,0.0
erythromycin,RandomForest,rpsL,0.0
erythromycin,RandomForest,sat-4,0.0
erythromycin,RandomForest,sav1866,0.0
erythromycin,RandomForest,tcaA,0.0
erythromycin,RandomForest,tcaB,0.0
erythromycin,RandomForest,tcaB_1,0.0
erythromycin,RandomForest,rplF,0.0
erythromycin,RandomForest,rpsJ,0.0
erythromycin,RandomForest,tcaR,0.0
erythromycin,RandomForest,tcaB_2,0.0
erythromycin,RandomForest,tet38,0.0
erythromycin,RandomForest,tet(38),0.0
erythromycin,RandomForest,tuf,0.0
erythromycin,RandomForest,tufA,0.0
erythromycin,RandomForest,ugpQ_1,0.0
erythromycin,RandomForest,tetL,0.0
erythromycin,RandomForest,ugpQ_2,0.0
erythromycin,RandomForest,ugpQ_4,0.0
erythromycin,RandomForest,vraG,0.0
erythromycin,RandomForest,vraR_1,0.0
erythromycin,RandomForest,vraS_1,0.0
erythromycin,RandomForest,vraS_2,0.0
erythromycin,RandomForest,yheS_3,0.0
erythromycin,RandomForest,yvqF,0.0
